frame,source_rect,source_sha256,png_sha256,webp_sha256
1,"0,0,280,280",87e48b68373f655c7431d9f153a878e4ffa9a79c3876ccfb447345dadac55ba1,c235a122b2f464d59e94f71d3c150862babf5418d6b27504add1808617e9d89b,7b164b5f72f1b380d73563a4c8647749206203a3d7d938900854b9255bc521f5
2,"280,0,561,280",87e48b68373f655c7431d9f153a878e4ffa9a79c3876ccfb447345dadac55ba1,f262f8a5fab4ed50637a8dfe23e9d1c4520d27dbb4ef30bbcad5be5897172541,5a3cfedd1f4f66182614dd763ba2be601d99147c24966137a7f49d59d18228ac
3,"561,0,841,280",87e48b68373f655c7431d9f153a878e4ffa9a79c3876ccfb447345dadac55ba1,e861109e2bb3933048389d2da92df28435725bf1d1898673100947ab7fb1b04d,8aa2e72de9740e93323b20f7ea47e030e30eab1bbfc74bdeb3aaf4ac39ff3fdf
4,"841,0,1122,280",87e48b68373f655c7431d9f153a878e4ffa9a79c3876ccfb447345dadac55ba1,ff0f405c6a5f77020fcea694c97be43580d0cab5c09cf0f938edd6101f8ff508,2402f9386137f8879505aaac9198256ae34215b212ffb572d5c1c0e1d50204e1
5,"1122,0,1402,280",87e48b68373f655c7431d9f153a878e4ffa9a79c3876ccfb447345dadac55ba1,eb3d8a9d7916356c3b7cbf261d7c9082f6ef39d14d55c152baef5c23ef5168e7,03cef2631da484926c3a25ef7d37d1fc7a7d934a0faeef076150889b36d33c4f
6,"0,280,280,561",87e48b68373f655c7431d9f153a878e4ffa9a79c3876ccfb447345dadac55ba1,024ef359d7e4ff0602caf05472718c13b9f7164a21980b916d8565e39f5d01cf,76d08c4ca23ee7ce83f0058aba1f9537a9d9bf09457ce3847ca8f7af4ee74e7d
7,"280,280,561,561",87e48b68373f655c7431d9f153a878e4ffa9a79c3876ccfb447345dadac55ba1,a7ec4533b325190bfc96575213ba8e0d4955e6ce894dfdcbc905da7beacea3fa,1daed6a08fed66ebd8a904601ab1fec5b2461499d6891df245636503e35c5099
8,"561,280,841,561",87e48b68373f655c7431d9f153a878e4ffa9a79c3876ccfb447345dadac55ba1,4412f4413a8fe19c37cf76cedf38192fd48bb84f81fe9ee43efd210573086c5e,892f9bd501a9346077ec5e4ed879b8d9a20bfa414ac1937d48fa5515eb321ea6
9,"841,280,1122,561",87e48b68373f655c7431d9f153a878e4ffa9a79c3876ccfb447345dadac55ba1,fb388c723e9563c5f8e76ff4eca2e3a64f8641c871b0801252bec59296e4b2ea,fc0a0f2304fc94415b1f9baf4c6ff4feb5d300df59efc6993192bb9a66f91431
10,"1122,280,1402,561",87e48b68373f655c7431d9f153a878e4ffa9a79c3876ccfb447345dadac55ba1,55721a5c178769a7542181caa40e337e156cdbb2da73c739e80bc27d8742e34c,4580361b1d540679871e8f95c8416b7176078570e8e1f172c782623707be18f5
11,"0,561,280,842",87e48b68373f655c7431d9f153a878e4ffa9a79c3876ccfb447345dadac55ba1,b12a2b24a3329c23e14c1cca0e5fc9d275e5d455ccae94af7f0b86caa316b1b8,13e851fa8a02d92e71d62cd153c734648fe75d77797783e86a22d4624e7cf757
12,"280,561,561,842",87e48b68373f655c7431d9f153a878e4ffa9a79c3876ccfb447345dadac55ba1,8bdf0256703edc4e847efa8b4427509e108dfa55fd71bbfe4e93b84118a6749f,a94676fb61a9263ef8abbbc7543e55aaab80b65ecb106ad210f8dca474359408
13,"561,561,841,842",87e48b68373f655c7431d9f153a878e4ffa9a79c3876ccfb447345dadac55ba1,c9a5f86b4b9eee3b217107e93af999e5cf308f38be2bca41aa460a2d88b02fa2,4694839d272ae5ea4cb40ee17d650834edde3e791e73a6856e025d739af9e53c
14,"841,561,1122,842",87e48b68373f655c7431d9f153a878e4ffa9a79c3876ccfb447345dadac55ba1,314a701edebe780b01b280dbb0aee5933ac0cfdbd9fc331702ea987d7b88d1bf,b2e81353e350cefd42f9e604b8f9d8cc5bad4761dddc01ca1f90f78fe6ef943a
15,"1122,561,1402,842",87e48b68373f655c7431d9f153a878e4ffa9a79c3876ccfb447345dadac55ba1,77d3f104c9f0e5f2e0a0d9502997a5809ffbeab861c327c7d5aca955d259318e,129355e33e3450eefdd3bc776be4464477a69d7e1fe0f62fd754c48305e68967
16,"0,842,280,1122",87e48b68373f655c7431d9f153a878e4ffa9a79c3876ccfb447345dadac55ba1,7e288ae653f2b9d64b6a654d32eb306d08f1c6d81e4428f2584734be38e857e5,a3a4f8e8e776a4248875cdf219c80db2285bcbe924c622f0c66c9263a585cc35
17,"280,842,561,1122",87e48b68373f655c7431d9f153a878e4ffa9a79c3876ccfb447345dadac55ba1,441e881ec6640997ad11f6f3d433098bda8e324173d6906f078678f528e06da0,a75b7a93a99bcdd05dba9a59f32e41d9f672147f5d272667bfa8491e9379a2bc
18,"561,842,841,1122",87e48b68373f655c7431d9f153a878e4ffa9a79c3876ccfb447345dadac55ba1,36c346f359f0588b5da5c6913284c5c2e1645beb056bc85f47299375f1bc0dcb,985d0fc3ecdbb0408a412c875660c856ef1b68e6dd451b5f8c596cb943fe3dc7
19,"841,842,1122,1122",87e48b68373f655c7431d9f153a878e4ffa9a79c3876ccfb447345dadac55ba1,7f9069861ac3a77b517c0439b3b6b284f88879e13107474ff93558d3213ccfb0,a144878b2fdbc4563ea1dba76b0d0901dc0c825ea912e9de4f256e2aeab8d7e1
20,"1122,842,1402,1122",87e48b68373f655c7431d9f153a878e4ffa9a79c3876ccfb447345dadac55ba1,5dd2e166cc549ed852c5690a800d92baf20fe6d461984e7ddb04b0f0b12dd5f8,5da79f9fb579506d4811a45abe2d38faffc8d5ce71515108e3f4e2b6a9de0696
